DFM,Chamber,Treatment
11,1,Activated1
11,2,Activated2
11,3,Control2
11,4,Activated1
11,5,Activated2
11,6,Control1
12,1,Activated2
12,2,Control1
12,3,Control2
12,4,Control2
12,5,Control1
12,6,Activated1
13,1,Activated2
13,2,Activated1
13,3,Activated1
13,4,Control1
13,5,Activated2
13,6,Control2
14,1,Control2
14,2,Activated1
14,3,Activated2
14,4,Control1
14,5,Control2
14,6,Control1
15,1,Control1
15,2,Activated1
15,3,Control2
15,4,Activated1
15,5,Activated2
15,6,Activated2
16,1,Control2
16,2,Control2
16,3,Control1
16,4,Activated1
16,5,Activated2
16,6,Control1
17,1,Activated1
17,2,Activated1
17,3,Activated2
17,4,Activated2
17,5,Control1
17,6,Control2
1,1,Activated1
1,2,Control2
1,3,Activated1
1,4,Control2
1,5,Control1
1,6,Activated1
1,7,Activated2
1,8,Control2
1,9,Control1
1,10,Control1
1,11,Activated2
1,12,Activated2
2,1,Control1
2,2,Activated2
2,3,Activated1
2,4,Activated1
2,5,Control2
2,6,Control2
2,7,Control2
2,8,Activated2
2,9,Control1
2,10,Activated1
2,11,Activated2
2,12,Control1
3,1,Activated1
3,2,Activated2
3,3,Activated1
3,4,Activated2
3,5,Control1
3,6,Control1
3,7,Control2
3,8,Activated1
3,9,Control1
3,10,Control2
3,11,Control2
3,12,Activated2
4,1,Control2
4,2,Activated1
4,3,Control1
4,4,Control2
4,5,Control2
4,6,Activated2
4,7,Control1
4,8,Activated2
4,9,Activated1
4,10,Activated1
4,11,Control1
4,12,Activated2
