DFM,Chamber,Treatment
11,1,NpfCsChRed
11,2,NpfCsChATRRed
11,3,CsChATRRed
11,4,NpfCsChRed
11,5,NpfCsChATRRed
11,6,CsChRed
12,1,NpfCsChATRRed
12,2,CsChRed
12,3,CsChATRRed
12,4,CsChATRRed
12,5,CsChRed
12,6,NpfCsChRed
13,1,NpfCsChATRRed
13,2,NpfCsChRed
13,3,NpfCsChRed
13,4,CsChRed
13,5,NpfCsChATRRed
13,6,CsChATRRed
14,1,CsChATRRed
14,2,NpfCsChRed
14,3,NpfCsChATRRed
14,4,CsChRed
14,5,CsChATRRed
14,6,CsChRed
15,1,CsChRed
15,2,NpfCsChRed
15,3,CsChATRRed
15,4,NpfCsChRed
15,5,NpfCsChATRRed
15,6,NpfCsChATRRed
16,1,CsChATRRed
16,2,CsChATRRed
16,3,CsChRed
16,4,NpfCsChRed
16,5,NpfCsChATRRed
16,6,CsChRed
17,1,NpfCsChRed
17,2,NpfCsChRed
17,3,NpfCsChATRRed
17,4,NpfCsChATRRed
17,5,CsChRed
17,6,CsChATRRed
1,1,NpfCsCh2RedATR
1,2,CsCh3RedATR
1,3,NpfCsCh2RedATR
1,4,CsCh3RedATR
1,5,CsCh2RedATR
1,6,NpfCsCh2RedATR
1,7,NpfCsCh3RedATR
1,8,CsCh3RedATR
1,9,CsCh2RedATR
1,10,CsCh2RedATR
1,11,NpfCsCh3RedATR
1,12,NpfCsCh3RedATR
2,1,CsCh2RedATR
2,2,NpfCsCh3RedATR
2,3,NpfCsCh2RedATR
2,4,NpfCsCh2RedATR
2,5,CsCh3RedATR
2,6,CsCh3RedATR
2,7,CsCh3RedATR
2,8,NpfCsCh3RedATR
2,9,CsCh2RedATR
2,10,NpfCsCh2RedATR
2,11,NpfCsCh3RedATR
2,12,CsCh2RedATR
3,1,NpfCsCh2RedATR
3,2,NpfCsCh3RedATR
3,3,NpfCsCh2RedATR
3,4,NpfCsCh3RedATR
3,5,CsCh2RedATR
3,6,CsCh2RedATR
3,7,CsCh3RedATR
3,8,NpfCsCh2RedATR
3,9,CsCh2RedATR
3,10,CsCh3RedATR
3,11,CsCh3RedATR
3,12,NpfCsCh3RedATR
4,1,CsCh3RedATR
4,2,NpfCsCh2RedATR
4,3,CsCh2RedATR
4,4,CsCh3RedATR
4,5,CsCh3RedATR
4,6,NpfCsCh3RedATR
4,7,CsCh2RedATR
4,8,NpfCsCh3RedATR
4,9,NpfCsCh2RedATR
4,10,NpfCsCh2RedATR
4,11,CsCh2RedATR
4,12,NpfCsCh3RedATR
